[{"id":1,"first_name":"Robin","last_name":"Cromack","email":"rcromack0@prweb.com","gender":"Female"},
{"id":2,"first_name":"Evangelina","last_name":"Jamieson","email":"ejamieson1@va.gov","gender":"Female"},
{"id":3,"first_name":"Flint","last_name":"Tarply","email":"ftarply2@g.co","gender":"Male"},
{"id":4,"first_name":"Tabor","last_name":"Straker","email":"tstraker3@bbc.co.uk","gender":"Male"},
{"id":5,"first_name":"Bengt","last_name":"Assad","email":"bassad4@walmart.com","gender":"Male"},
{"id":6,"first_name":"Keefe","last_name":"Stonuary","email":"kstonuary5@nymag.com","gender":"Male"},
{"id":7,"first_name":"Ynes","last_name":"McCarver","email":"ymccarver6@homestead.com","gender":"Female"},
{"id":8,"first_name":"Lilia","last_name":"McGuane","email":"lmcguane7@elegantthemes.com","gender":"Female"},
{"id":9,"first_name":"Alfreda","last_name":"Kunzel","email":"akunzel8@abc.net.au","gender":"Female"},
{"id":10,"first_name":"Abdul","last_name":"Sayburn","email":"asayburn9@istockphoto.com","gender":"Male"},
{"id":11,"first_name":"Nerissa","last_name":"Statter","email":"nstattera@godaddy.com","gender":"Female"},
{"id":12,"first_name":"Mariette","last_name":"Plastow","email":"mplastowb@naver.com","gender":"Female"},
{"id":13,"first_name":"Tyson","last_name":"Ogborn","email":"togbornc@photobucket.com","gender":"Male"},
{"id":14,"first_name":"Lorrayne","last_name":"Winspear","email":"lwinspeard@dmoz.org","gender":"Female"},
{"id":15,"first_name":"Alberto","last_name":"Fakeley","email":"afakeleye@networksolutions.com","gender":"Male"},
{"id":16,"first_name":"Saleem","last_name":"Midden","email":"smiddenf@omniture.com","gender":"Male"},
{"id":17,"first_name":"Terrell","last_name":"Lindermann","email":"tlindermanng@toplist.cz","gender":"Male"},
{"id":18,"first_name":"Gerri","last_name":"Deveral","email":"gdeveralh@huffingtonpost.com","gender":"Male"},
{"id":19,"first_name":"Charin","last_name":"Tacey","email":"ctaceyi@bbc.co.uk","gender":"Female"},
{"id":20,"first_name":"Arlie","last_name":"Chatwin","email":"achatwinj@weebly.com","gender":"Female"},
{"id":21,"first_name":"Lydia","last_name":"Nazer","email":"lnazerk@yelp.com","gender":"Female"},
{"id":22,"first_name":"Riva","last_name":"Murcutt","email":"rmurcuttl@gnu.org","gender":"Female"},
{"id":23,"first_name":"Ado","last_name":"Falconar","email":"afalconarm@nydailynews.com","gender":"Male"},
{"id":24,"first_name":"Si","last_name":"Ballance","email":"sballancen@yandex.ru","gender":"Male"},
{"id":25,"first_name":"Jasen","last_name":"Barbey","email":"jbarbeyo@usnews.com","gender":"Male"}]